FuelBlend,RPM,CO,CO2,HC,NO
0,1000,0.42,0.08,58.6,6.5
0,1000,0.42,0.08,58.6,6.5
0,1000,0.42,0.08,58.6,6.5
0,1000,0.42,0.08,58.6,6.5
0,1000,0.42,0.08,58.6,6.5
0,1000,0.42,0.08,58.6,6.5
0,1000,0.42,0.08,58.6,6.5
0,1000,0.42,0.08,58.6,6.5
0,1000,0.42,0.08,58.6,6.5
0,1000,0.42,0.08,58.6,6.5
0,1000,0.42,0.08,58.6,6.5
0,1000,0.42,0.08,58.6,6.5
0,1000,0.42,0.08,58.6,6.5
0,1000,0.42,0.08,58.6,6.5
0,1000,0.42,0.08,58.6,6.5
0,1000,0.42,0.08,58.6,6.5
0,1000,0.42,0.08,58.6,6.5
0,1000,0.42,0.08,58.6,6.5
0,1000,0.42,0.08,58.6,6.5
0,1000,0.42,0.08,58.6,6.5
0,1000,0.42,0.08,58.6,6.5
0,1000,0.42,0.08,58.6,6.5
0,1000,0.42,0.08,58.6,6.5
0,1000,0.42,0.08,58.6,6.5
0,1000,0.42,0.08,58.6,6.5
0,1000,0.42,0.08,58.6,6.5
0,1000,0.42,0.08,58.6,6.5
0,1000,0.42,0.08,58.6,6.5
0,1000,0.42,0.08,58.6,6.5
0,1000,0.42,0.08,58.6,6.5
0,1500,0.38,0.35,68.3,8.2
0,1500,0.38,0.35,68.3,8.2
0,1500,0.38,0.35,68.3,8.2
0,1500,0.38,0.35,68.3,8.2
0,1500,0.38,0.35,68.3,8.2
0,1500,0.38,0.35,68.3,8.2
0,1500,0.38,0.35,68.3,8.2
0,1500,0.38,0.35,68.3,8.2
0,1500,0.38,0.35,68.3,8.2
0,1500,0.38,0.35,68.3,8.2
0,1500,0.38,0.35,68.3,8.2
0,1500,0.38,0.35,68.3,8.2
0,1500,0.38,0.35,68.3,8.2
0,1500,0.38,0.35,68.3,8.2
0,1500,0.38,0.35,68.3,8.2
0,1500,0.38,0.35,68.3,8.2
0,1500,0.38,0.35,68.3,8.2
0,1500,0.38,0.35,68.3,8.2
0,1500,0.38,0.35,68.3,8.2
0,1500,0.38,0.35,68.3,8.2
0,1500,0.38,0.35,68.3,8.2
0,1500,0.38,0.35,68.3,8.2
0,1500,0.38,0.35,68.3,8.2
0,1500,0.38,0.35,68.3,8.2
0,1500,0.38,0.35,68.3,8.2
0,1500,0.38,0.35,68.3,8.2
0,1500,0.38,0.35,68.3,8.2
0,1500,0.38,0.35,68.3,8.2
0,1500,0.38,0.35,68.3,8.2
0,1500,0.38,0.35,68.3,8.2
0,2000,0.34,0.5,73.2,8.5
0,2000,0.34,0.5,73.2,8.5
0,2000,0.34,0.5,73.2,8.5
0,2000,0.34,0.5,73.2,8.5
0,2000,0.34,0.5,73.2,8.5
0,2000,0.34,0.5,73.2,8.5
0,2000,0.34,0.5,73.2,8.5
0,2000,0.34,0.5,73.2,8.5
0,2000,0.34,0.5,73.2,8.5
0,2000,0.34,0.5,73.2,8.5
0,2000,0.34,0.5,73.2,8.5
0,2000,0.34,0.5,73.2,8.5
0,2000,0.34,0.5,73.2,8.5
0,2000,0.34,0.5,73.2,8.5
0,2000,0.34,0.5,73.2,8.5
0,2000,0.34,0.5,73.2,8.5
0,2000,0.34,0.5,73.2,8.5
0,2000,0.34,0.5,73.2,8.5
0,2000,0.34,0.5,73.2,8.5
0,2000,0.34,0.5,73.2,8.5
0,2000,0.34,0.5,73.2,8.5
0,2000,0.34,0.5,73.2,8.5
0,2000,0.34,0.5,73.2,8.5
0,2000,0.34,0.5,73.2,8.5
0,2000,0.34,0.5,73.2,8.5
0,2000,0.34,0.5,73.2,8.5
0,2000,0.34,0.5,73.2,8.5
0,2000,0.34,0.5,73.2,8.5
0,2000,0.34,0.5,73.2,8.5
0,2000,0.34,0.5,73.2,8.5
0,2500,0.55,0.78,92.3,8.9
0,2500,0.55,0.78,92.3,8.9
0,2500,0.55,0.78,92.3,8.9
0,2500,0.55,0.78,92.3,8.9
0,2500,0.55,0.78,92.3,8.9
0,2500,0.55,0.78,92.3,8.9
0,2500,0.55,0.78,92.3,8.9
0,2500,0.55,0.78,92.3,8.9
0,2500,0.55,0.78,92.3,8.9
0,2500,0.55,0.78,92.3,8.9
0,2500,0.55,0.78,92.3,8.9
0,2500,0.55,0.78,92.3,8.9
0,2500,0.55,0.78,92.3,8.9
0,2500,0.55,0.78,92.3,8.9
0,2500,0.55,0.78,92.3,8.9
0,2500,0.55,0.78,92.3,8.9
0,2500,0.55,0.78,92.3,8.9
0,2500,0.55,0.78,92.3,8.9
0,2500,0.55,0.78,92.3,8.9
0,2500,0.55,0.78,92.3,8.9
0,2500,0.55,0.78,92.3,8.9
0,2500,0.55,0.78,92.3,8.9
0,2500,0.55,0.78,92.3,8.9
0,2500,0.55,0.78,92.3,8.9
0,2500,0.55,0.78,92.3,8.9
0,2500,0.55,0.78,92.3,8.9
0,2500,0.55,0.78,92.3,8.9
0,2500,0.55,0.78,92.3,8.9
0,2500,0.55,0.78,92.3,8.9
0,2500,0.55,0.78,92.3,8.9
0,3000,0.99,1.09,150,13.2
0,3000,0.99,1.09,150,13.2
0,3000,0.99,1.09,150,13.2
0,3000,0.99,1.09,150,13.2
0,3000,0.99,1.09,150,13.2
0,3000,0.99,1.09,150,13.2
0,3000,0.99,1.09,150,13.2
0,3000,0.99,1.09,150,13.2
0,3000,0.99,1.09,150,13.2
0,3000,0.99,1.09,150,13.2
0,3000,0.99,1.09,150,13.2
0,3000,0.99,1.09,150,13.2
0,3000,0.99,1.09,150,13.2
0,3000,0.99,1.09,150,13.2
0,3000,0.99,1.09,150,13.2
0,3000,0.99,1.09,150,13.2
0,3000,0.99,1.09,150,13.2
0,3000,0.99,1.09,150,13.2
0,3000,0.99,1.09,150,13.2
0,3000,0.99,1.09,150,13.2
0,3000,0.99,1.09,150,13.2
0,3000,0.99,1.09,150,13.2
0,3000,0.99,1.09,150,13.2
0,3000,0.99,1.09,150,13.2
0,3000,0.99,1.09,150,13.2
0,3000,0.99,1.09,150,13.2
0,3000,0.99,1.09,150,13.2
0,3000,0.99,1.09,150,13.2
0,3000,0.99,1.09,150,13.2
0,3000,0.99,1.09,150,13.2
0,3500,0.59,1.35,109.6,15.7
0,3500,0.59,1.35,109.6,15.7
0,3500,0.59,1.35,109.6,15.7
0,3500,0.59,1.35,109.6,15.7
0,3500,0.59,1.35,109.6,15.7
0,3500,0.59,1.35,109.6,15.7
0,3500,0.59,1.35,109.6,15.7
0,3500,0.59,1.35,109.6,15.7
0,3500,0.59,1.35,109.6,15.7
0,3500,0.59,1.35,109.6,15.7
0,3500,0.59,1.35,109.6,15.7
0,3500,0.59,1.35,109.6,15.7
0,3500,0.59,1.35,109.6,15.7
0,3500,0.59,1.35,109.6,15.7
0,3500,0.59,1.35,109.6,15.7
0,3500,0.59,1.35,109.6,15.7
0,3500,0.59,1.35,109.6,15.7
0,3500,0.59,1.35,109.6,15.7
0,3500,0.59,1.35,109.6,15.7
0,3500,0.59,1.35,109.6,15.7
0,3500,0.59,1.35,109.6,15.7
0,3500,0.59,1.35,109.6,15.7
0,3500,0.59,1.35,109.6,15.7
0,3500,0.59,1.35,109.6,15.7
0,3500,0.59,1.35,109.6,15.7
0,3500,0.59,1.35,109.6,15.7
0,3500,0.59,1.35,109.6,15.7
0,3500,0.59,1.35,109.6,15.7
0,3500,0.59,1.35,109.6,15.7
0,3500,0.59,1.35,109.6,15.7
10,1000,0.29,0.27,75.1,6.3
10,1000,0.29,0.27,75.1,6.3
10,1000,0.29,0.27,75.1,6.3
10,1000,0.29,0.27,75.1,6.3
10,1000,0.29,0.27,75.1,6.3
10,1000,0.29,0.27,75.1,6.3
10,1000,0.29,0.27,75.1,6.3
10,1000,0.29,0.27,75.1,6.3
10,1000,0.29,0.27,75.1,6.3
10,1000,0.29,0.27,75.1,6.3
10,1000,0.29,0.27,75.1,6.3
10,1000,0.29,0.27,75.1,6.3
10,1000,0.29,0.27,75.1,6.3
10,1000,0.29,0.27,75.1,6.3
10,1000,0.29,0.27,75.1,6.3
10,1000,0.29,0.27,75.1,6.3
10,1000,0.29,0.27,75.1,6.3
10,1000,0.29,0.27,75.1,6.3
10,1000,0.29,0.27,75.1,6.3
10,1000,0.29,0.27,75.1,6.3
10,1000,0.29,0.27,75.1,6.3
10,1000,0.29,0.27,75.1,6.3
10,1000,0.29,0.27,75.1,6.3
10,1000,0.29,0.27,75.1,6.3
10,1000,0.29,0.27,75.1,6.3
10,1000,0.29,0.27,75.1,6.3
10,1000,0.29,0.27,75.1,6.3
10,1000,0.29,0.27,75.1,6.3
10,1000,0.29,0.27,75.1,6.3
10,1000,0.29,0.27,75.1,6.3
10,1500,0.24,0.47,80.6,7.8
10,1500,0.24,0.47,80.6,7.8
10,1500,0.24,0.47,80.6,7.8
10,1500,0.24,0.47,80.6,7.8
10,1500,0.24,0.47,80.6,7.8
10,1500,0.24,0.47,80.6,7.8
10,1500,0.24,0.47,80.6,7.8
10,1500,0.24,0.47,80.6,7.8
10,1500,0.24,0.47,80.6,7.8
10,1500,0.24,0.47,80.6,7.8
10,1500,0.24,0.47,80.6,7.8
10,1500,0.24,0.47,80.6,7.8
10,1500,0.24,0.47,80.6,7.8
10,1500,0.24,0.47,80.6,7.8
10,1500,0.24,0.47,80.6,7.8
10,1500,0.24,0.47,80.6,7.8
10,1500,0.24,0.47,80.6,7.8
10,1500,0.24,0.47,80.6,7.8
10,1500,0.24,0.47,80.6,7.8
10,1500,0.24,0.47,80.6,7.8
10,1500,0.24,0.47,80.6,7.8
10,1500,0.24,0.47,80.6,7.8
10,1500,0.24,0.47,80.6,7.8
10,1500,0.24,0.47,80.6,7.8
10,1500,0.24,0.47,80.6,7.8
10,1500,0.24,0.47,80.6,7.8
10,1500,0.24,0.47,80.6,7.8
10,1500,0.24,0.47,80.6,7.8
10,1500,0.24,0.47,80.6,7.8
10,1500,0.24,0.47,80.6,7.8
10,2000,0.13,0.67,120.7,7.2
10,2000,0.13,0.67,120.7,7.2
10,2000,0.13,0.67,120.7,7.2
10,2000,0.13,0.67,120.7,7.2
10,2000,0.13,0.67,120.7,7.2
10,2000,0.13,0.67,120.7,7.2
10,2000,0.13,0.67,120.7,7.2
10,2000,0.13,0.67,120.7,7.2
10,2000,0.13,0.67,120.7,7.2
10,2000,0.13,0.67,120.7,7.2
10,2000,0.13,0.67,120.7,7.2
10,2000,0.13,0.67,120.7,7.2
10,2000,0.13,0.67,120.7,7.2
10,2000,0.13,0.67,120.7,7.2
10,2000,0.13,0.67,120.7,7.2
10,2000,0.13,0.67,120.7,7.2
10,2000,0.13,0.67,120.7,7.2
10,2000,0.13,0.67,120.7,7.2
10,2000,0.13,0.67,120.7,7.2
10,2000,0.13,0.67,120.7,7.2
10,2000,0.13,0.67,120.7,7.2
10,2000,0.13,0.67,120.7,7.2
10,2000,0.13,0.67,120.7,7.2
10,2000,0.13,0.67,120.7,7.2
10,2000,0.13,0.67,120.7,7.2
10,2000,0.13,0.67,120.7,7.2
10,2000,0.13,0.67,120.7,7.2
10,2000,0.13,0.67,120.7,7.2
10,2000,0.13,0.67,120.7,7.2
10,2000,0.13,0.67,120.7,7.2
10,2500,0.38,0.89,138.5,7.5
10,2500,0.38,0.89,138.5,7.5
10,2500,0.38,0.89,138.5,7.5
10,2500,0.38,0.89,138.5,7.5
10,2500,0.38,0.89,138.5,7.5
10,2500,0.38,0.89,138.5,7.5
10,2500,0.38,0.89,138.5,7.5
10,2500,0.38,0.89,138.5,7.5
10,2500,0.38,0.89,138.5,7.5
10,2500,0.38,0.89,138.5,7.5
10,2500,0.38,0.89,138.5,7.5
10,2500,0.38,0.89,138.5,7.5
10,2500,0.38,0.89,138.5,7.5
10,2500,0.38,0.89,138.5,7.5
10,2500,0.38,0.89,138.5,7.5
10,2500,0.38,0.89,138.5,7.5
10,2500,0.38,0.89,138.5,7.5
10,2500,0.38,0.89,138.5,7.5
10,2500,0.38,0.89,138.5,7.5
10,2500,0.38,0.89,138.5,7.5
10,2500,0.38,0.89,138.5,7.5
10,2500,0.38,0.89,138.5,7.5
10,2500,0.38,0.89,138.5,7.5
10,2500,0.38,0.89,138.5,7.5
10,2500,0.38,0.89,138.5,7.5
10,2500,0.38,0.89,138.5,7.5
10,2500,0.38,0.89,138.5,7.5
10,2500,0.38,0.89,138.5,7.5
10,2500,0.38,0.89,138.5,7.5
10,2500,0.38,0.89,138.5,7.5
10,3000,0.57,1.26,160.6,12.1
10,3000,0.57,1.26,160.6,12.1
10,3000,0.57,1.26,160.6,12.1
10,3000,0.57,1.26,160.6,12.1
10,3000,0.57,1.26,160.6,12.1
10,3000,0.57,1.26,160.6,12.1
10,3000,0.57,1.26,160.6,12.1
10,3000,0.57,1.26,160.6,12.1
10,3000,0.57,1.26,160.6,12.1
10,3000,0.57,1.26,160.6,12.1
10,3000,0.57,1.26,160.6,12.1
10,3000,0.57,1.26,160.6,12.1
10,3000,0.57,1.26,160.6,12.1
10,3000,0.57,1.26,160.6,12.1
10,3000,0.57,1.26,160.6,12.1
10,3000,0.57,1.26,160.6,12.1
10,3000,0.57,1.26,160.6,12.1
10,3000,0.57,1.26,160.6,12.1
10,3000,0.57,1.26,160.6,12.1
10,3000,0.57,1.26,160.6,12.1
10,3000,0.57,1.26,160.6,12.1
10,3000,0.57,1.26,160.6,12.1
10,3000,0.57,1.26,160.6,12.1
10,3000,0.57,1.26,160.6,12.1
10,3000,0.57,1.26,160.6,12.1
10,3000,0.57,1.26,160.6,12.1
10,3000,0.57,1.26,160.6,12.1
10,3000,0.57,1.26,160.6,12.1
10,3000,0.57,1.26,160.6,12.1
10,3000,0.57,1.26,160.6,12.1
10,3500,0.24,1.59,182.1,11.5
10,3500,0.24,1.59,182.1,11.5
10,3500,0.24,1.59,182.1,11.5
10,3500,0.24,1.59,182.1,11.5
10,3500,0.24,1.59,182.1,11.5
10,3500,0.24,1.59,182.1,11.5
10,3500,0.24,1.59,182.1,11.5
10,3500,0.24,1.59,182.1,11.5
10,3500,0.24,1.59,182.1,11.5
10,3500,0.24,1.59,182.1,11.5
10,3500,0.24,1.59,182.1,11.5
10,3500,0.24,1.59,182.1,11.5
10,3500,0.24,1.59,182.1,11.5
10,3500,0.24,1.59,182.1,11.5
10,3500,0.24,1.59,182.1,11.5
10,3500,0.24,1.59,182.1,11.5
10,3500,0.24,1.59,182.1,11.5
10,3500,0.24,1.59,182.1,11.5
10,3500,0.24,1.59,182.1,11.5
10,3500,0.24,1.59,182.1,11.5
10,3500,0.24,1.59,182.1,11.5
10,3500,0.24,1.59,182.1,11.5
10,3500,0.24,1.59,182.1,11.5
10,3500,0.24,1.59,182.1,11.5
10,3500,0.24,1.59,182.1,11.5
10,3500,0.24,1.59,182.1,11.5
10,3500,0.24,1.59,182.1,11.5
10,3500,0.24,1.59,182.1,11.5
10,3500,0.24,1.59,182.1,11.5
10,3500,0.24,1.59,182.1,11.5
20,1000,0.12,0.47,87.4,5.8
20,1000,0.12,0.47,87.4,5.8
20,1000,0.12,0.47,87.4,5.8
20,1000,0.12,0.47,87.4,5.8
20,1000,0.12,0.47,87.4,5.8
20,1000,0.12,0.47,87.4,5.8
20,1000,0.12,0.47,87.4,5.8
20,1000,0.12,0.47,87.4,5.8
20,1000,0.12,0.47,87.4,5.8
20,1000,0.12,0.47,87.4,5.8
20,1000,0.12,0.47,87.4,5.8
20,1000,0.12,0.47,87.4,5.8
20,1000,0.12,0.47,87.4,5.8
20,1000,0.12,0.47,87.4,5.8
20,1000,0.12,0.47,87.4,5.8
20,1000,0.12,0.47,87.4,5.8
20,1000,0.12,0.47,87.4,5.8
20,1000,0.12,0.47,87.4,5.8
20,1000,0.12,0.47,87.4,5.8
20,1000,0.12,0.47,87.4,5.8
20,1000,0.12,0.47,87.4,5.8
20,1000,0.12,0.47,87.4,5.8
20,1000,0.12,0.47,87.4,5.8
20,1000,0.12,0.47,87.4,5.8
20,1000,0.12,0.47,87.4,5.8
20,1000,0.12,0.47,87.4,5.8
20,1000,0.12,0.47,87.4,5.8
20,1000,0.12,0.47,87.4,5.8
20,1000,0.12,0.47,87.4,5.8
20,1000,0.12,0.47,87.4,5.8
20,1500,0.21,0.78,109.3,6.9
20,1500,0.21,0.78,109.3,6.9
20,1500,0.21,0.78,109.3,6.9
20,1500,0.21,0.78,109.3,6.9
20,1500,0.21,0.78,109.3,6.9
20,1500,0.21,0.78,109.3,6.9
20,1500,0.21,0.78,109.3,6.9
20,1500,0.21,0.78,109.3,6.9
20,1500,0.21,0.78,109.3,6.9
20,1500,0.21,0.78,109.3,6.9
20,1500,0.21,0.78,109.3,6.9
20,1500,0.21,0.78,109.3,6.9
20,1500,0.21,0.78,109.3,6.9
20,1500,0.21,0.78,109.3,6.9
20,1500,0.21,0.78,109.3,6.9
20,1500,0.21,0.78,109.3,6.9
20,1500,0.21,0.78,109.3,6.9
20,1500,0.21,0.78,109.3,6.9
20,1500,0.21,0.78,109.3,6.9
20,1500,0.21,0.78,109.3,6.9
20,1500,0.21,0.78,109.3,6.9
20,1500,0.21,0.78,109.3,6.9
20,1500,0.21,0.78,109.3,6.9
20,1500,0.21,0.78,109.3,6.9
20,1500,0.21,0.78,109.3,6.9
20,1500,0.21,0.78,109.3,6.9
20,1500,0.21,0.78,109.3,6.9
20,1500,0.21,0.78,109.3,6.9
20,1500,0.21,0.78,109.3,6.9
20,1500,0.21,0.78,109.3,6.9
20,2000,0.08,0.87,121.2,6.4
20,2000,0.08,0.87,121.2,6.4
20,2000,0.08,0.87,121.2,6.4
20,2000,0.08,0.87,121.2,6.4
20,2000,0.08,0.87,121.2,6.4
20,2000,0.08,0.87,121.2,6.4
20,2000,0.08,0.87,121.2,6.4
20,2000,0.08,0.87,121.2,6.4
20,2000,0.08,0.87,121.2,6.4
20,2000,0.08,0.87,121.2,6.4
20,2000,0.08,0.87,121.2,6.4
20,2000,0.08,0.87,121.2,6.4
20,2000,0.08,0.87,121.2,6.4
20,2000,0.08,0.87,121.2,6.4
20,2000,0.08,0.87,121.2,6.4
20,2000,0.08,0.87,121.2,6.4
20,2000,0.08,0.87,121.2,6.4
20,2000,0.08,0.87,121.2,6.4
20,2000,0.08,0.87,121.2,6.4
20,2000,0.08,0.87,121.2,6.4
20,2000,0.08,0.87,121.2,6.4
20,2000,0.08,0.87,121.2,6.4
20,2000,0.08,0.87,121.2,6.4
20,2000,0.08,0.87,121.2,6.4
20,2000,0.08,0.87,121.2,6.4
20,2000,0.08,0.87,121.2,6.4
20,2000,0.08,0.87,121.2,6.4
20,2000,0.08,0.87,121.2,6.4
20,2000,0.08,0.87,121.2,6.4
20,2000,0.08,0.87,121.2,6.4
20,2500,0.26,0.99,160.8,5.9
20,2500,0.26,0.99,160.8,5.9
20,2500,0.26,0.99,160.8,5.9
20,2500,0.26,0.99,160.8,5.9
20,2500,0.26,0.99,160.8,5.9
20,2500,0.26,0.99,160.8,5.9
20,2500,0.26,0.99,160.8,5.9
20,2500,0.26,0.99,160.8,5.9
20,2500,0.26,0.99,160.8,5.9
20,2500,0.26,0.99,160.8,5.9
20,2500,0.26,0.99,160.8,5.9
20,2500,0.26,0.99,160.8,5.9
20,2500,0.26,0.99,160.8,5.9
20,2500,0.26,0.99,160.8,5.9
20,2500,0.26,0.99,160.8,5.9
20,2500,0.26,0.99,160.8,5.9
20,2500,0.26,0.99,160.8,5.9
20,2500,0.26,0.99,160.8,5.9
20,2500,0.26,0.99,160.8,5.9
20,2500,0.26,0.99,160.8,5.9
20,2500,0.26,0.99,160.8,5.9
20,2500,0.26,0.99,160.8,5.9
20,2500,0.26,0.99,160.8,5.9
20,2500,0.26,0.99,160.8,5.9
20,2500,0.26,0.99,160.8,5.9
20,2500,0.26,0.99,160.8,5.9
20,2500,0.26,0.99,160.8,5.9
20,2500,0.26,0.99,160.8,5.9
20,2500,0.26,0.99,160.8,5.9
20,2500,0.26,0.99,160.8,5.9
20,3000,0.38,1.32,199.8,10.3
20,3000,0.38,1.32,199.8,10.3
20,3000,0.38,1.32,199.8,10.3
20,3000,0.38,1.32,199.8,10.3
20,3000,0.38,1.32,199.8,10.3
20,3000,0.38,1.32,199.8,10.3
20,3000,0.38,1.32,199.8,10.3
20,3000,0.38,1.32,199.8,10.3
20,3000,0.38,1.32,199.8,10.3
20,3000,0.38,1.32,199.8,10.3
20,3000,0.38,1.32,199.8,10.3
20,3000,0.38,1.32,199.8,10.3
20,3000,0.38,1.32,199.8,10.3
20,3000,0.38,1.32,199.8,10.3
20,3000,0.38,1.32,199.8,10.3
20,3000,0.38,1.32,199.8,10.3
20,3000,0.38,1.32,199.8,10.3
20,3000,0.38,1.32,199.8,10.3
20,3000,0.38,1.32,199.8,10.3
20,3000,0.38,1.32,199.8,10.3
20,3000,0.38,1.32,199.8,10.3
20,3000,0.38,1.32,199.8,10.3
20,3000,0.38,1.32,199.8,10.3
20,3000,0.38,1.32,199.8,10.3
20,3000,0.38,1.32,199.8,10.3
20,3000,0.38,1.32,199.8,10.3
20,3000,0.38,1.32,199.8,10.3
20,3000,0.38,1.32,199.8,10.3
20,3000,0.38,1.32,199.8,10.3
20,3000,0.38,1.32,199.8,10.3
20,3500,0.13,1.67,215.5,9.8
20,3500,0.13,1.67,215.5,9.8
20,3500,0.13,1.67,215.5,9.8
20,3500,0.13,1.67,215.5,9.8
20,3500,0.13,1.67,215.5,9.8
20,3500,0.13,1.67,215.5,9.8
20,3500,0.13,1.67,215.5,9.8
20,3500,0.13,1.67,215.5,9.8
20,3500,0.13,1.67,215.5,9.8
20,3500,0.13,1.67,215.5,9.8
20,3500,0.13,1.67,215.5,9.8
20,3500,0.13,1.67,215.5,9.8
20,3500,0.13,1.67,215.5,9.8
20,3500,0.13,1.67,215.5,9.8
20,3500,0.13,1.67,215.5,9.8
20,3500,0.13,1.67,215.5,9.8
20,3500,0.13,1.67,215.5,9.8
20,3500,0.13,1.67,215.5,9.8
20,3500,0.13,1.67,215.5,9.8
20,3500,0.13,1.67,215.5,9.8
20,3500,0.13,1.67,215.5,9.8
20,3500,0.13,1.67,215.5,9.8
20,3500,0.13,1.67,215.5,9.8
20,3500,0.13,1.67,215.5,9.8
20,3500,0.13,1.67,215.5,9.8
20,3500,0.13,1.67,215.5,9.8
20,3500,0.13,1.67,215.5,9.8
20,3500,0.13,1.67,215.5,9.8
20,3500,0.13,1.67,215.5,9.8
20,3500,0.13,1.67,215.5,9.8
55,1000,0.09,0.62,95.1,3.2
55,1000,0.09,0.62,95.1,3.2
55,1000,0.09,0.62,95.1,3.2
55,1000,0.09,0.62,95.1,3.2
55,1000,0.09,0.62,95.1,3.2
55,1000,0.09,0.62,95.1,3.2
55,1000,0.09,0.62,95.1,3.2
55,1000,0.09,0.62,95.1,3.2
55,1000,0.09,0.62,95.1,3.2
55,1000,0.09,0.62,95.1,3.2
55,1000,0.09,0.62,95.1,3.2
55,1000,0.09,0.62,95.1,3.2
55,1000,0.09,0.62,95.1,3.2
55,1000,0.09,0.62,95.1,3.2
55,1000,0.09,0.62,95.1,3.2
55,1000,0.09,0.62,95.1,3.2
55,1000,0.09,0.62,95.1,3.2
55,1000,0.09,0.62,95.1,3.2
55,1000,0.09,0.62,95.1,3.2
55,1000,0.09,0.62,95.1,3.2
55,1000,0.09,0.62,95.1,3.2
55,1000,0.09,0.62,95.1,3.2
55,1000,0.09,0.62,95.1,3.2
55,1000,0.09,0.62,95.1,3.2
55,1000,0.09,0.62,95.1,3.2
55,1000,0.09,0.62,95.1,3.2
55,1000,0.09,0.62,95.1,3.2
55,1000,0.09,0.62,95.1,3.2
55,1000,0.09,0.62,95.1,3.2
55,1000,0.09,0.62,95.1,3.2
55,1500,0.15,0.97,109.3,4.1
55,1500,0.15,0.97,109.3,4.1
55,1500,0.15,0.97,109.3,4.1
55,1500,0.15,0.97,109.3,4.1
55,1500,0.15,0.97,109.3,4.1
55,1500,0.15,0.97,109.3,4.1
55,1500,0.15,0.97,109.3,4.1
55,1500,0.15,0.97,109.3,4.1
55,1500,0.15,0.97,109.3,4.1
55,1500,0.15,0.97,109.3,4.1
55,1500,0.15,0.97,109.3,4.1
55,1500,0.15,0.97,109.3,4.1
55,1500,0.15,0.97,109.3,4.1
55,1500,0.15,0.97,109.3,4.1
55,1500,0.15,0.97,109.3,4.1
55,1500,0.15,0.97,109.3,4.1
55,1500,0.15,0.97,109.3,4.1
55,1500,0.15,0.97,109.3,4.1
55,1500,0.15,0.97,109.3,4.1
55,1500,0.15,0.97,109.3,4.1
55,1500,0.15,0.97,109.3,4.1
55,1500,0.15,0.97,109.3,4.1
55,1500,0.15,0.97,109.3,4.1
55,1500,0.15,0.97,109.3,4.1
55,1500,0.15,0.97,109.3,4.1
55,1500,0.15,0.97,109.3,4.1
55,1500,0.15,0.97,109.3,4.1
55,1500,0.15,0.97,109.3,4.1
55,1500,0.15,0.97,109.3,4.1
55,1500,0.15,0.97,109.3,4.1
55,2000,0.1,1.07,121.2,6
55,2000,0.1,1.07,121.2,6
55,2000,0.1,1.07,121.2,6
55,2000,0.1,1.07,121.2,6
55,2000,0.1,1.07,121.2,6
55,2000,0.1,1.07,121.2,6
55,2000,0.1,1.07,121.2,6
55,2000,0.1,1.07,121.2,6
55,2000,0.1,1.07,121.2,6
55,2000,0.1,1.07,121.2,6
55,2000,0.1,1.07,121.2,6
55,2000,0.1,1.07,121.2,6
55,2000,0.1,1.07,121.2,6
55,2000,0.1,1.07,121.2,6
55,2000,0.1,1.07,121.2,6
55,2000,0.1,1.07,121.2,6
55,2000,0.1,1.07,121.2,6
55,2000,0.1,1.07,121.2,6
55,2000,0.1,1.07,121.2,6
55,2000,0.1,1.07,121.2,6
55,2000,0.1,1.07,121.2,6
55,2000,0.1,1.07,121.2,6
55,2000,0.1,1.07,121.2,6
55,2000,0.1,1.07,121.2,6
55,2000,0.1,1.07,121.2,6
55,2000,0.1,1.07,121.2,6
55,2000,0.1,1.07,121.2,6
55,2000,0.1,1.07,121.2,6
55,2000,0.1,1.07,121.2,6
55,2000,0.1,1.07,121.2,6
55,2500,0.21,1.12,160.8,3.6
55,2500,0.21,1.12,160.8,3.6
55,2500,0.21,1.12,160.8,3.6
55,2500,0.21,1.12,160.8,3.6
55,2500,0.21,1.12,160.8,3.6
55,2500,0.21,1.12,160.8,3.6
55,2500,0.21,1.12,160.8,3.6
55,2500,0.21,1.12,160.8,3.6
55,2500,0.21,1.12,160.8,3.6
55,2500,0.21,1.12,160.8,3.6
55,2500,0.21,1.12,160.8,3.6
55,2500,0.21,1.12,160.8,3.6
55,2500,0.21,1.12,160.8,3.6
55,2500,0.21,1.12,160.8,3.6
55,2500,0.21,1.12,160.8,3.6
55,2500,0.21,1.12,160.8,3.6
55,2500,0.21,1.12,160.8,3.6
55,2500,0.21,1.12,160.8,3.6
55,2500,0.21,1.12,160.8,3.6
55,2500,0.21,1.12,160.8,3.6
55,2500,0.21,1.12,160.8,3.6
55,2500,0.21,1.12,160.8,3.6
55,2500,0.21,1.12,160.8,3.6
55,2500,0.21,1.12,160.8,3.6
55,2500,0.21,1.12,160.8,3.6
55,2500,0.21,1.12,160.8,3.6
55,2500,0.21,1.12,160.8,3.6
55,2500,0.21,1.12,160.8,3.6
55,2500,0.21,1.12,160.8,3.6
55,2500,0.21,1.12,160.8,3.6
55,3000,0.34,1.4,199.8,8.9
55,3000,0.34,1.4,199.8,8.9
55,3000,0.34,1.4,199.8,8.9
55,3000,0.34,1.4,199.8,8.9
55,3000,0.34,1.4,199.8,8.9
55,3000,0.34,1.4,199.8,8.9
55,3000,0.34,1.4,199.8,8.9
55,3000,0.34,1.4,199.8,8.9
55,3000,0.34,1.4,199.8,8.9
55,3000,0.34,1.4,199.8,8.9
55,3000,0.34,1.4,199.8,8.9
55,3000,0.34,1.4,199.8,8.9
55,3000,0.34,1.4,199.8,8.9
55,3000,0.34,1.4,199.8,8.9
55,3000,0.34,1.4,199.8,8.9
55,3000,0.34,1.4,199.8,8.9
55,3000,0.34,1.4,199.8,8.9
55,3000,0.34,1.4,199.8,8.9
55,3000,0.34,1.4,199.8,8.9
55,3000,0.34,1.4,199.8,8.9
55,3000,0.34,1.4,199.8,8.9
55,3000,0.34,1.4,199.8,8.9
55,3000,0.34,1.4,199.8,8.9
55,3000,0.34,1.4,199.8,8.9
55,3000,0.34,1.4,199.8,8.9
55,3000,0.34,1.4,199.8,8.9
55,3000,0.34,1.4,199.8,8.9
55,3000,0.34,1.4,199.8,8.9
55,3000,0.34,1.4,199.8,8.9
55,3000,0.34,1.4,199.8,8.9
55,3500,0.11,1.74,215.5,8.3
55,3500,0.11,1.74,215.5,8.3
55,3500,0.11,1.74,215.5,8.3
55,3500,0.11,1.74,215.5,8.3
55,3500,0.11,1.74,215.5,8.3
55,3500,0.11,1.74,215.5,8.3
55,3500,0.11,1.74,215.5,8.3
55,3500,0.11,1.74,215.5,8.3
55,3500,0.11,1.74,215.5,8.3
55,3500,0.11,1.74,215.5,8.3
55,3500,0.11,1.74,215.5,8.3
55,3500,0.11,1.74,215.5,8.3
55,3500,0.11,1.74,215.5,8.3
55,3500,0.11,1.74,215.5,8.3
55,3500,0.11,1.74,215.5,8.3
55,3500,0.11,1.74,215.5,8.3
55,3500,0.11,1.74,215.5,8.3
55,3500,0.11,1.74,215.5,8.3
55,3500,0.11,1.74,215.5,8.3
55,3500,0.11,1.74,215.5,8.3
55,3500,0.11,1.74,215.5,8.3
55,3500,0.11,1.74,215.5,8.3
55,3500,0.11,1.74,215.5,8.3
55,3500,0.11,1.74,215.5,8.3
55,3500,0.11,1.74,215.5,8.3
55,3500,0.11,1.74,215.5,8.3
55,3500,0.11,1.74,215.5,8.3
55,3500,0.11,1.74,215.5,8.3
55,3500,0.11,1.74,215.5,8.3
55,3500,0.11,1.74,215.5,8.3
